{"cameraMode":{"drawMode":2,"name":"Shaded Wireframe","section":"Shading Mode"},"sceneLighting":false,"audioPlay":false,"sceneViewState":{"showFog":true,"showMaterialUpdate":false,"showSkybox":false,"showFlares":true,"showImageEffects":true,"showParticleSystems":true},"in2DMode":false,"pivot":{"x":-4.502912998199463,"y":0.05426287651062012,"z":-2.5882327556610109},"rotation":{"x":-0.3234976828098297,"y":-0.01065512839704752,"z":0.004045527894049883,"w":-0.9463222026824951},"size":1.6071209907531739,"orthographic":false}