{"cameraMode":{"drawMode":2,"name":"Shaded Wireframe","section":"Shading Mode"},"sceneLighting":false,"audioPlay":false,"sceneViewState":{"showFog":true,"showMaterialUpdate":false,"showSkybox":false,"showFlares":true,"showImageEffects":true,"showParticleSystems":true},"in2DMode":false,"pivot":{"x":-0.07885873317718506,"y":0.6977735161781311,"z":-0.23603618144989015},"rotation":{"x":0.09021861106157303,"y":0.9061360955238342,"z":-0.24639707803726197,"w":0.33179280161857607},"size":0.7078185677528381,"orthographic":false}